[
    {
        "text": "What is your favorite season?",
        "choices": [
            "Winter",
            "Spring",
            "Summer",
            "Fall"
        ]
    },
    {
        "text": "How do you commute to work/school?",
        "choices": [
            "Car",
            "Motorcycle",
            "Bicycle",
            "Walk",
            "Public transportation",
            "No commute"
        ]
    },
    {
        "text": "Have you tried R Tools for Visual Studio?",
        "choices": [
            "No, I do not use R",
            "No, but I use/have used R",
            "Yes, I have used it",
            "Yes, I use it frequently"
        ]
    }
]
